"","GeoAreaCode","GeoAreaName","TimePeriod","preparedness"
"1",8,"Albania",2005,0.0410357853091889
"2",8,"Albania",2008,12.2189035465814
"3",8,"Albania",2012,0.269550735093059
"4",24,"Angola",2009,0.619910764268165
"5",32,"Argentina",2005,2.39083649877107
"6",32,"Argentina",2006,0.20260845400093
"7",32,"Argentina",2007,0.232204773492023
"8",32,"Argentina",2008,2.27235883020472
"9",32,"Argentina",2009,0.982097318706573
"10",64,"Bhutan",2012,0
"11",64,"Bhutan",2017,3.94308077045714
"12",68,"Bolivia (Plurinational State of)",2005,1.06693810967499
"13",68,"Bolivia (Plurinational State of)",2006,0.137623615479926
"14",68,"Bolivia (Plurinational State of)",2007,2.62217158058948
"15",68,"Bolivia (Plurinational State of)",2008,0.314955021988685
"16",68,"Bolivia (Plurinational State of)",2009,0.0332531590867518
"17",68,"Bolivia (Plurinational State of)",2011,0.203172453557297
"18",68,"Bolivia (Plurinational State of)",2012,0.155143727889873
"19",68,"Bolivia (Plurinational State of)",2013,0.192219027557452
"20",90,"Solomon Islands",2013,0.319829024014586
"21",104,"Myanmar",2015,0.00900802842967807
"22",116,"Cambodia",2007,0.298068134553507
"23",116,"Cambodia",2008,0.326459052605675
"24",116,"Cambodia",2009,0.476504250203669
"25",116,"Cambodia",2010,0.279798185599155
"26",116,"Cambodia",2011,2.35489670795548
"27",144,"Sri Lanka",2007,0.115264821015344
"28",144,"Sri Lanka",2010,0.0984767727356017
"29",144,"Sri Lanka",2013,0.179433395358916
"30",144,"Sri Lanka",2016,0.447212379532636
"31",152,"Chile",2006,0.236970749099462
"32",152,"Chile",2009,0.152333531759026
"33",152,"Chile",2011,0.0166848739171384
"34",152,"Chile",2013,0.327780643841037
"35",170,"Colombia",2005,0.0854654963890973
"36",170,"Colombia",2008,0.0276688673744776
"37",170,"Colombia",2009,0.0635921071383221
"38",170,"Colombia",2010,0.0169085278457591
"39",170,"Colombia",2011,0.0216634228649547
"40",170,"Colombia",2012,0.0259340701944738
"41",170,"Colombia",2013,0.0398715172359875
"42",170,"Colombia",2014,0.0653566534716587
"43",170,"Colombia",2015,0.0669692264886505
"44",170,"Colombia",2016,0.627244737760914
"45",174,"Comoros",2014,8.20122987931638
"46",188,"Costa Rica",2005,0.0449637221779448
"47",188,"Costa Rica",2006,0.0727142651638515
"48",188,"Costa Rica",2007,0.0514434385416686
"49",188,"Costa Rica",2008,0.0577755330012049
"50",188,"Costa Rica",2009,0.184143371557666
"51",188,"Costa Rica",2010,0.0558430214911458
"52",188,"Costa Rica",2011,0.0643098820252145
"53",188,"Costa Rica",2012,0.0644231903943466
"54",188,"Costa Rica",2013,0.115139214948075
"55",188,"Costa Rica",2014,0.058904410656619
"56",188,"Costa Rica",2015,0.224014656608917
"57",188,"Costa Rica",2016,0.433808278189137
"58",218,"Ecuador",2005,0.521493214099572
"59",218,"Ecuador",2006,0.365447040805223
"60",218,"Ecuador",2007,0.287085285695286
"61",218,"Ecuador",2008,0.160482353224348
"62",218,"Ecuador",2009,0.502054149416027
"63",218,"Ecuador",2010,4.05419709960834
"64",218,"Ecuador",2011,1.04799441101509
"65",218,"Ecuador",2012,0.406328273949649
"66",218,"Ecuador",2013,1.30215105516594
"67",218,"Ecuador",2014,1.53105731005892
"68",218,"Ecuador",2015,1.07778311724767
"69",218,"Ecuador",2016,0.563152028528725
"70",222,"El Salvador",2005,0.553496174814085
"71",222,"El Salvador",2006,0.244337066940209
"72",222,"El Salvador",2007,0.084300666028107
"73",222,"El Salvador",2008,0.092986771066066
"74",222,"El Salvador",2009,0.734326017386828
"75",222,"El Salvador",2010,0.101370516754401
"76",222,"El Salvador",2011,0.0544362256654733
"77",222,"El Salvador",2012,0.919259306614554
"78",222,"El Salvador",2013,0.626635821884702
"79",222,"El Salvador",2014,0.747367849255818
"80",222,"El Salvador",2015,0.948712512920384
"81",231,"Ethiopia",2005,19.9762510164307
"82",242,"Fiji",2009,0.114961312863783
"83",275,"State of Palestine",2005,0
"84",275,"State of Palestine",2006,9.1933867735471
"85",275,"State of Palestine",2009,0.0478671473111902
"86",275,"State of Palestine",2010,0.111867886754228
"87",320,"Guatemala",2006,0.884450163292468
"88",340,"Honduras",2005,0.229245401103817
"89",340,"Honduras",2006,0.296011460129732
"90",340,"Honduras",2007,0.141777729530931
"91",340,"Honduras",2008,0.313975315628109
"92",340,"Honduras",2009,0.021030509928231
"93",340,"Honduras",2010,0.084532972607698
"94",340,"Honduras",2011,0.731358169242269
"95",340,"Honduras",2012,1.60250367922743
"96",340,"Honduras",2013,0.239085613084371
"97",364,"Iran (Islamic Republic of)",2005,0.4312233881749
"98",364,"Iran (Islamic Republic of)",2006,0.109385396269222
"99",364,"Iran (Islamic Republic of)",2009,0.330101962056206
"100",398,"Kazakhstan",2006,100
"101",398,"Kazakhstan",2007,100
"102",398,"Kazakhstan",2008,100
"103",398,"Kazakhstan",2009,100
"104",398,"Kazakhstan",2010,100
"105",398,"Kazakhstan",2011,0.200785666524831
"106",398,"Kazakhstan",2012,100
"107",398,"Kazakhstan",2013,100
"108",398,"Kazakhstan",2014,36.648717136522
"109",398,"Kazakhstan",2015,18.5667752442997
"110",400,"Jordan",2006,0
"111",400,"Jordan",2008,12.7560800096796
"112",400,"Jordan",2010,27.6613737207016
"113",404,"Kenya",2016,43.1452777959009
"114",417,"Kyrgyzstan",2006,100
"115",417,"Kyrgyzstan",2007,0
"116",417,"Kyrgyzstan",2008,17.2805814397421
"117",417,"Kyrgyzstan",2011,0.518419100463533
"118",417,"Kyrgyzstan",2012,0
"119",417,"Kyrgyzstan",2013,0
"120",417,"Kyrgyzstan",2014,0
"121",417,"Kyrgyzstan",2015,0.321845426018682
"122",417,"Kyrgyzstan",2016,2.07722632164156
"123",418,"Lao People's Democratic Republic",2007,0.0261670877841713
"124",418,"Lao People's Democratic Republic",2012,3.44876412648123
"125",422,"Lebanon",2012,0.618173197906599
"126",430,"Liberia",2014,100
"127",450,"Madagascar",2005,0.506537370967665
"128",450,"Madagascar",2010,46.4543979155856
"129",450,"Madagascar",2012,0.0596312364793208
"130",466,"Mali",2006,0.478841659224353
"131",466,"Mali",2010,1.60353458123907
"132",480,"Mauritius",2007,4.94872011229292
"133",480,"Mauritius",2012,22.8064019010376
"134",484,"Mexico",2005,0.0148848363819222
"135",484,"Mexico",2006,0.152949134814978
"136",484,"Mexico",2008,0.246068483281942
"137",484,"Mexico",2010,0.0353976048886373
"138",484,"Mexico",2012,0.0930803718114578
"139",496,"Mongolia",2008,21.2260202522235
"140",496,"Mongolia",2010,20.0247229676957
"141",496,"Mongolia",2012,23.9594340111007
"142",496,"Mongolia",2014,43.8164010734938
"143",496,"Mongolia",2016,27.9844107430314
"144",504,"Morocco",2007,0
"145",504,"Morocco",2014,3.50982993607526
"146",508,"Mozambique",2009,5.25414385192093
"147",524,"Nepal",2010,0.504985301555637
"148",558,"Nicaragua",2005,0.110067075063693
"149",562,"Niger",2005,100
"150",562,"Niger",2007,100
"151",562,"Niger",2011,97.3920733254147
"152",586,"Pakistan",2005,2.93719044456094
"153",586,"Pakistan",2006,63.3886797043775
"154",586,"Pakistan",2008,2.44764483291554
"155",586,"Pakistan",2011,0.122133830789599
"156",586,"Pakistan",2012,0.0480874652612904
"157",586,"Pakistan",2014,2.63133926364137
"158",591,"Panama",2005,0.0562919743600253
"159",591,"Panama",2006,0.0587921450213495
"160",591,"Panama",2007,0.152417831886132
"161",591,"Panama",2008,0.10007759488922
"162",591,"Panama",2009,0.61257577013999
"163",591,"Panama",2010,0.0653989173039131
"164",591,"Panama",2011,0.191552637333527
"165",591,"Panama",2012,0.232580044589001
"166",591,"Panama",2013,1.8560561246916
"167",591,"Panama",2014,0.0869103850994349
"168",591,"Panama",2015,0.285202954574428
"169",591,"Panama",2016,0.93162606003348
"170",598,"Papua New Guinea",2010,100
"171",600,"Paraguay",2005,0.418581577316299
"172",600,"Paraguay",2006,0.124160093485247
"173",600,"Paraguay",2007,0.0230867077616734
"174",600,"Paraguay",2008,0.0802415027778092
"175",600,"Paraguay",2009,0.0376761531006914
"176",600,"Paraguay",2010,0.0284590640848353
"177",600,"Paraguay",2011,0.215018933380074
"178",600,"Paraguay",2012,0.273229630274194
"179",600,"Paraguay",2013,0.00432883510963226
"180",600,"Paraguay",2014,0.00340836244867423
"181",600,"Paraguay",2015,0.189845160516912
"182",600,"Paraguay",2016,16.0495307768417
"183",604,"Peru",2005,1.19597545179694
"184",604,"Peru",2006,0.900407555849776
"185",604,"Peru",2007,0.211052747952034
"186",604,"Peru",2008,0.512829671364273
"187",604,"Peru",2009,2.80396993506066
"188",604,"Peru",2010,0.870720655799942
"189",604,"Peru",2011,0.407099163253607
"190",604,"Peru",2012,0.0536597968877318
"191",604,"Peru",2013,0.273097213719685
"192",626,"Timor-Leste",2007,0.00214341285516768
"193",626,"Timor-Leste",2014,0.0449102535686367
"194",686,"Senegal",2006,5.90564902807087
"195",686,"Senegal",2011,4.37146373641942
"196",688,"Serbia",2005,0
"197",688,"Serbia",2006,0
"198",688,"Serbia",2007,0
"199",688,"Serbia",2008,0
"200",688,"Serbia",2009,0
"201",688,"Serbia",2010,0.01245643592269
"202",688,"Serbia",2013,0
"203",688,"Serbia",2015,0
"204",694,"Sierra Leone",2011,72.795948688974
"205",704,"Viet Nam",2006,0.051794152648983
"206",704,"Viet Nam",2008,0.208909463924629
"207",704,"Viet Nam",2010,0.00706958642077741
"208",768,"Togo",2006,0.521784688426818
"209",768,"Togo",2011,6.62308545940505
"210",788,"Tunisia",2005,18.0327868852459
"211",788,"Tunisia",2010,100
"212",792,"Turkey",2005,0.122681184592576
"213",792,"Turkey",2006,0.817204421923051
"214",792,"Turkey",2007,0.147672117076036
"215",792,"Turkey",2008,3.9093133388215
"216",792,"Turkey",2009,2.05057751997151
"217",792,"Turkey",2010,0.0618558777792438
"218",792,"Turkey",2011,7.41541119059066
"219",792,"Turkey",2012,1.62877731064141
"220",792,"Turkey",2013,22.9447597230177
"221",792,"Turkey",2014,15.9726911246155
"222",800,"Uganda",2005,0.499748415997811
"223",800,"Uganda",2009,0.990858923486657
"224",800,"Uganda",2012,4.63475109670036
"225",804,"Ukraine",2016,23.8385376999238
"226",834,"United Republic of Tanzania",2007,88.7273137188592
"227",834,"United Republic of Tanzania",2012,67.5943428981459
"228",854,"Burkina Faso",2009,1.28909475019463
"229",854,"Burkina Faso",2014,10.6834244806301
"230",858,"Uruguay",2005,0.0923884350764124
"231",858,"Uruguay",2006,0.288290080858354
"232",858,"Uruguay",2007,0.0517171198205193
"233",858,"Uruguay",2008,0.702572637327258
"234",858,"Uruguay",2009,0.234559520587552
"235",858,"Uruguay",2010,0.0793922948473282
"236",858,"Uruguay",2011,1.2129588521174
"237",858,"Uruguay",2012,0.3615942024832
"238",858,"Uruguay",2013,0.131585343591892
"239",858,"Uruguay",2014,0.0273944174405233
"240",862,"Venezuela (Bolivarian Republic of)",2005,0.49031052844193
"241",862,"Venezuela (Bolivarian Republic of)",2006,0.286851830533256
"242",887,"Yemen",2005,0.0113810123149739
"243",NA,"Albania",2006,0.127961049904809
"244",NA,"Albania",2007,0.869201558212238
"245",NA,"Albania",2009,0.0358779313413739
"246",NA,"Albania",2010,0.0159822438263108
"247",NA,"Albania",2011,3.3383149739249
"248",NA,"Albania",2013,0.0952184426609743
"249",NA,"Albania",2014,0.213323808449025
"250",NA,"Albania",2015,0.615334073105044
"251",NA,"Albania",2016,9.60728510020171
"252",NA,"American Samoa",2009,100
"253",NA,"American Samoa",2015,100
"254",NA,"Angola",2005,0.0943997534895447
"255",NA,"Angola",2007,0.635722800864561
"256",NA,"Angola",2008,0.39159689318708
"257",NA,"Angola",2010,1.00490113389575
"258",NA,"Angola",2011,0.362621406346275
"259",NA,"Angola",2012,0.23067073368308
"260",NA,"Angola",2013,0.019603019131905
"261",NA,"Angola",2015,0.587094789218781
"262",NA,"Angola",2016,0.0177424019166353
"263",NA,"Angola",2017,0.190787477574625
"264",NA,"Antigua and Barbuda",2005,0
"265",NA,"Antigua and Barbuda",2008,0
"266",NA,"Antigua and Barbuda",2009,39.9684694203872
"267",NA,"Antigua and Barbuda",2010,0.181200464996309
"268",NA,"Antigua and Barbuda",2011,33.3273785218457
"269",NA,"Antigua and Barbuda",2012,2.70261787499379
"270",NA,"Antigua and Barbuda",2013,0.318471521131012
"271",NA,"Antigua and Barbuda",2014,13.6340086087391
"272",NA,"Armenia",2017,4.74175983846833
"273",NA,"Barbados",2005,4.70605719377391
"274",NA,"Barbados",2006,2.29919401577821
"275",NA,"Barbados",2007,2.94118005385749
"276",NA,"Barbados",2008,3.6231351096739
"277",NA,"Barbados",2009,0.291558492222604
"278",NA,"Barbados",2010,3.09752659312899
"279",NA,"Barbados",2011,0
"280",NA,"Barbados",2012,0
"281",NA,"Barbados",2013,0
"282",NA,"Belize",2005,100
"283",NA,"Belize",2007,0
"284",NA,"Belize",2008,0.075765751126698
"285",NA,"Belize",2009,0
"286",NA,"Belize",2010,0.0452846813528605
"287",NA,"Belize",2011,100
"288",NA,"Bhutan",2009,0.0457802820805686
"289",NA,"Bhutan",2010,6.44476020314852
"290",NA,"Bhutan",2011,0.0119856980777877
"291",NA,"Bhutan",2013,0
"292",NA,"Bhutan",2014,0.0405014277390093
"293",NA,"Bhutan",2015,0
"294",NA,"Bhutan",2016,2.30450329543052
"295",NA,"Bolivia (Plurinational State of)",2010,0.200825129039301
"296",NA,"Botswana",2014,0
"297",NA,"Botswana",2017,0.0851758063910221
"298",NA,"Burkina Faso",2005,11.7729367367393
"299",NA,"Burkina Faso",2006,7.85287291870492
"300",NA,"Burkina Faso",2007,7.01367311259896
"301",NA,"Burkina Faso",2008,5.1593615022295
"302",NA,"Burkina Faso",2010,3.43083743744811
"303",NA,"Burkina Faso",2011,5.78332714804713
"304",NA,"Burkina Faso",2012,8.92420899023109
"305",NA,"Burkina Faso",2013,11.658126030721
"306",NA,"Burkina Faso",2015,9.02212447572434
"307",NA,"Burkina Faso",2016,5.09182366060836
"308",NA,"Cabo Verde",2009,100
"309",NA,"Cabo Verde",2015,100
"310",NA,"Cabo Verde",2017,16.6173543493464
"311",NA,"Cambodia",2005,0.29091357352174
"312",NA,"Cambodia",2006,0.268169472340865
"313",NA,"Cambodia",2012,1.06346138909094
"314",NA,"Cambodia",2013,0.467486501299651
"315",NA,"Cambodia",2014,1.45592795097766
"316",NA,"Cambodia",2015,0.242210439405023
"317",NA,"Cambodia",2016,0.10689178203408
"318",NA,"Cambodia",2017,0.132992726951555
"319",NA,"Chile",2005,0.0853967069351067
"320",NA,"Chile",2007,9.87911724829385
"321",NA,"Chile",2008,0.0135286421943135
"322",NA,"Chile",2012,0.6583992801058
"323",NA,"Chile",2014,2.35512420204831
"324",NA,"Chile",2017,96.4737825734335
"325",NA,"Colombia",2006,0.0618685247291114
"326",NA,"Colombia",2007,0.0902423762180799
"327",NA,"Colombia",2017,1.50477883603531
"328",NA,"Comoros",2007,100
"329",NA,"Comoros",2009,99.3399914990905
"330",NA,"Comoros",2011,2.32695034417476
"331",NA,"Comoros",2012,0.262817226785041
"332",NA,"Comoros",2013,2.35265128470155
"333",NA,"Costa Rica",2017,0.155977876746418
"334",NA,"Croatia",2017,0.117310006001611
"335",NA,"Cyprus",2005,3.33158999705037
"336",NA,"Cyprus",2006,5.5625353086503
"337",NA,"Cyprus",2007,0
"338",NA,"Cyprus",2008,3.70670124560994
"339",NA,"Cyprus",2009,0.0511538655399548
"340",NA,"Cyprus",2010,0
"341",NA,"Cyprus",2011,2.24128716926554
"342",NA,"Cyprus",2012,0
"343",NA,"Cyprus",2013,33.6315106045304
"344",NA,"Cyprus",2014,0
"345",NA,"Cyprus",2015,0
"346",NA,"Cyprus",2016,16.6648860018376
"347",NA,"Djibouti",2005,53.1808294657533
"348",NA,"Djibouti",2006,53.7628072932011
"349",NA,"Djibouti",2007,70.036482606988
"350",NA,"Djibouti",2008,25.0076762175551
"351",NA,"Djibouti",2009,28.7867889138992
"352",NA,"Djibouti",2010,63.8992584371689
"353",NA,"Djibouti",2011,57.4274848158029
"354",NA,"Djibouti",2012,68.2235686650034
"355",NA,"Dominica",2007,0.0318319779091139
"356",NA,"Dominica",2010,0.898205661296814
"357",NA,"Dominica",2011,0.896052222747394
"358",NA,"Dominica",2012,37.5006754249774
"359",NA,"Dominica",2013,0.0436967350884609
"360",NA,"Dominica",2014,0
"361",NA,"Ecuador",2017,0.215171075525277
"362",NA,"Egypt",2016,11.5632944722666
"363",NA,"Egypt",2017,6.20437341541746
"364",NA,"Equatorial Guinea",2010,0
"365",NA,"Equatorial Guinea",2012,0.724657315666989
"366",NA,"Equatorial Guinea",2013,0
"367",NA,"Equatorial Guinea",2014,0
"368",NA,"Equatorial Guinea",2015,100
"369",NA,"Equatorial Guinea",2016,1.30644559000989
"370",NA,"Equatorial Guinea",2017,5.92438022896559
"371",NA,"Eswatini",2016,0.011309013359598
"372",NA,"Eswatini",2017,0
"373",NA,"Ethiopia",2006,78.5832259469663
"374",NA,"Ethiopia",2007,63.7582676451934
"375",NA,"Ethiopia",2008,85.3164309138075
"376",NA,"Ethiopia",2009,100
"377",NA,"Ethiopia",2010,8.30972504672678
"378",NA,"Fiji",2005,100
"379",NA,"Fiji",2006,6.25123247302137
"380",NA,"Fiji",2007,100
"381",NA,"Fiji",2008,0.867420520851518
"382",NA,"Fiji",2010,0.0433836468852819
"383",NA,"Fiji",2011,0.201220162214891
"384",NA,"Fiji",2012,0.0581359036311993
"385",NA,"French Polynesia",2007,100
"386",NA,"Gambia",2017,100
"387",NA,"Grenada",2007,100
"388",NA,"Grenada",2009,0
"389",NA,"Grenada",2011,0
"390",NA,"Guatemala",2005,0.483471335039681
"391",NA,"Guatemala",2007,0.175482094930921
"392",NA,"Guatemala",2008,0.164896521503304
"393",NA,"Guatemala",2009,0.524199537933072
"394",NA,"Guatemala",2010,0.0807264564865775
"395",NA,"Guatemala",2011,0.251953027212472
"396",NA,"Guatemala",2012,0.0541951716755916
"397",NA,"Guatemala",2013,0.161888875185967
"398",NA,"Guatemala",2017,2.74915969195796
"399",NA,"Guinea",2014,100
"400",NA,"Guinea",2015,100
"401",NA,"Guinea-Bissau",2017,1.17777040419689
"402",NA,"Guyana",2006,0.0198156860827444
"403",NA,"Guyana",2007,4.63044470470414
"404",NA,"Guyana",2008,5.97111285527517
"405",NA,"Guyana",2009,6.95611635478054
"406",NA,"Guyana",2010,1.6947222591236
"407",NA,"Guyana",2011,5.52921587523367
"408",NA,"Guyana",2012,5.26342910711773
"409",NA,"Guyana",2013,0.310565196639235
"410",NA,"Iran (Islamic Republic of)",2007,1.99332667318162
"411",NA,"Iran (Islamic Republic of)",2008,1.97130074014609
"412",NA,"Iran (Islamic Republic of)",2010,0.136972580883232
"413",NA,"Iran (Islamic Republic of)",2011,0.00897920044455513
"414",NA,"Ireland",2017,100
"415",NA,"Jamaica",2005,0.0142109383522335
"416",NA,"Jamaica",2006,11.0599737996658
"417",NA,"Jamaica",2007,0.00212161321297606
"418",NA,"Jamaica",2008,0.0244024033548124
"419",NA,"Jamaica",2009,35.838467544314
"420",NA,"Jamaica",2010,0.0954894885051421
"421",NA,"Jamaica",2011,28.7423804692159
"422",NA,"Jamaica",2012,0.00131015490646313
"423",NA,"Jordan",2007,1.74029258758946
"424",NA,"Jordan",2009,0
"425",NA,"Jordan",2011,3.84615384615385
"426",NA,"Jordan",2016,5.45565675921861
"427",NA,"Jordan",2017,0.449025954980082
"428",NA,"Kazakhstan",2005,0.287245252041211
"429",NA,"Kazakhstan",2016,0.0338542774823112
"430",NA,"Kazakhstan",2017,0.239094565972566
"431",NA,"Kenya",2005,43.2704580910509
"432",NA,"Kenya",2006,0.408698471745645
"433",NA,"Kenya",2007,8.78131841401119
"434",NA,"Kenya",2008,0.234454214069118
"435",NA,"Kenya",2009,0.744854653226605
"436",NA,"Kenya",2010,2.76233586972081
"437",NA,"Kenya",2011,0.210663826296785
"438",NA,"Kenya",2012,0.657840335902831
"439",NA,"Kenya",2013,7.15442487127422
"440",NA,"Kenya",2014,8.98517547584323
"441",NA,"Kenya",2015,37.9744951123902
"442",NA,"Kenya",2017,68.4193904942365
"443",NA,"Kiribati",2014,0
"444",NA,"Lao People's Democratic Republic",2005,0.30039974454195
"445",NA,"Lao People's Democratic Republic",2006,0.845179743989608
"446",NA,"Lao People's Democratic Republic",2008,0.0971955566154477
"447",NA,"Lao People's Democratic Republic",2009,0.065140474230776
"448",NA,"Lao People's Democratic Republic",2010,0.178425037372812
"449",NA,"Lao People's Democratic Republic",2011,0.00729788155580604
"450",NA,"Lebanon",2005,100
"451",NA,"Lebanon",2006,86.0364448788662
"452",NA,"Lebanon",2007,0
"453",NA,"Lebanon",2008,0.852962576595689
"454",NA,"Lebanon",2009,0
"455",NA,"Lebanon",2013,2.79107445319979
"456",NA,"Lebanon",2014,0
"457",NA,"Liberia",2015,100
"458",NA,"Madagascar",2006,0.614323136533821
"459",NA,"Madagascar",2007,58.5265618519775
"460",NA,"Madagascar",2008,29.3933840098549
"461",NA,"Madagascar",2009,86.1862553240474
"462",NA,"Madagascar",2011,0.0935359118640989
"463",NA,"Madagascar",2013,0.038945713827268
"464",NA,"Madagascar",2014,8.24308291088185
"465",NA,"Madagascar",2015,3.24615302490103
"466",NA,"Malaysia",2017,0.00775231818045182
"467",NA,"Maldives",2005,0.0438792242838245
"468",NA,"Maldives",2006,0.398199078969153
"469",NA,"Maldives",2007,0.0170298475462824
"470",NA,"Maldives",2008,2.38114581261447
"471",NA,"Mali",2005,100
"472",NA,"Mali",2007,11.8710534360802
"473",NA,"Mali",2008,17.7430081556932
"474",NA,"Mali",2009,1.98489931473603
"475",NA,"Mali",2011,3.57333979543412
"476",NA,"Mali",2012,0.0645157483335071
"477",NA,"Mali",2013,0.671726952855724
"478",NA,"Mali",2014,0.207924362170961
"479",NA,"Marshall Islands",2008,0
"480",NA,"Marshall Islands",2014,0
"481",NA,"Mauritius",2005,0.331818017637356
"482",NA,"Mauritius",2006,0.379826184959804
"483",NA,"Mauritius",2008,0.361121203771541
"484",NA,"Mauritius",2009,10.6621510645043
"485",NA,"Mauritius",2010,30.8041448073135
"486",NA,"Mauritius",2011,4.10289316368602
"487",NA,"Mauritius",2013,0.284556882930541
"488",NA,"Mauritius",2014,3.41349783455128
"489",NA,"Mexico",2007,0.0583627229446107
"490",NA,"Mexico",2009,0.10544340641468
"491",NA,"Mexico",2011,0.0435474799035266
"492",NA,"Mexico",2013,0.0514731650777856
"493",NA,"Mexico",2017,0.37343432788462
"494",NA,"Micronesia (Federated States of)",2011,100
"495",NA,"Micronesia (Federated States of)",2015,100
"496",NA,"Mongolia",2006,30.8749694428252
"497",NA,"Mongolia",2007,5.33247648859498
"498",NA,"Mongolia",2013,0.735360047933956
"499",NA,"Mongolia",2015,20.8579276604007
"500",NA,"Morocco",2005,0
"501",NA,"Morocco",2008,7.24678177379857
"502",NA,"Morocco",2009,0.101726381397839
"503",NA,"Morocco",2010,4.36448509039248
"504",NA,"Morocco",2011,100
"505",NA,"Morocco",2012,100
"506",NA,"Morocco",2013,17.4333569238028
"507",NA,"Mozambique",2005,6.84735155462556
"508",NA,"Mozambique",2006,5.85920761530134
"509",NA,"Mozambique",2007,0.507294768129555
"510",NA,"Mozambique",2008,1.25439554921043
"511",NA,"Mozambique",2010,1.79972650764953
"512",NA,"Mozambique",2011,0.0642269637084357
"513",NA,"Mozambique",2012,0.0535716785866313
"514",NA,"Mozambique",2017,0.0100999614401826
"515",NA,"Myanmar",2005,0.130747423276323
"516",NA,"Myanmar",2006,0.00580702820374454
"517",NA,"Myanmar",2007,0.506599913375704
"518",NA,"Myanmar",2008,15.8569588513399
"519",NA,"Myanmar",2009,0.214505300423669
"520",NA,"Myanmar",2010,2.70473912600168
"521",NA,"Myanmar",2011,0.223257663413077
"522",NA,"Myanmar",2012,0.0253284515096594
"523",NA,"Myanmar",2013,0.103111137851753
"524",NA,"Myanmar",2014,0.0247295370962858
"525",NA,"Myanmar",2016,0.0343735540009709
"526",NA,"Myanmar",2017,0.200182116704265
"527",NA,"Nepal",2005,8.81911351915921
"528",NA,"Nepal",2006,0.937657439855044
"529",NA,"Nepal",2007,4.25073833472407
"530",NA,"Nepal",2008,3.70757299970709
"531",NA,"Nepal",2009,1.84927245645164
"532",NA,"Nepal",2011,1.75948261814827
"533",NA,"Nepal",2012,1.42608793149552
"534",NA,"Nepal",2013,1.17739462409319
"535",NA,"New Caledonia",2009,100
"536",NA,"New Caledonia",2011,100
"537",NA,"New Zealand",2017,0.710023289830107
"538",NA,"Nicaragua",2006,53.6213468869123
"539",NA,"Nicaragua",2007,3.52823192681211
"540",NA,"Nicaragua",2008,0.0733005391057055
"541",NA,"Nicaragua",2009,0.0364304641257645
"542",NA,"Nicaragua",2010,0.129031748572069
"543",NA,"Nicaragua",2011,0.133536171953764
"544",NA,"Nicaragua",2012,0.135609943879082
"545",NA,"Nicaragua",2013,0.214991396312629
"546",NA,"Niger",2006,30.6537128943856
"547",NA,"Niger",2008,100
"548",NA,"Niger",2009,100
"549",NA,"Niger",2010,80.5797105779329
"550",NA,"Niger",2012,8.3987241347565
"551",NA,"Niger",2013,10.2333137097809
"552",NA,"Pakistan",2007,1.24808568537999
"553",NA,"Pakistan",2009,2.56974504704674
"554",NA,"Pakistan",2010,0.89454454391335
"555",NA,"Pakistan",2013,2.57902586387351
"556",NA,"Palau",2012,0
"557",NA,"Panama",2017,2.35850010287442
"558",NA,"Papua New Guinea",2005,67.8594386115278
"559",NA,"Papua New Guinea",2006,100
"560",NA,"Papua New Guinea",2007,0.489946580365962
"561",NA,"Papua New Guinea",2008,0.0641418644413455
"562",NA,"Papua New Guinea",2009,48.6413130704292
"563",NA,"Papua New Guinea",2011,100
"564",NA,"Papua New Guinea",2012,88.8294253247083
"565",NA,"Papua New Guinea",2013,100
"566",NA,"Papua New Guinea",2014,100
"567",NA,"Papua New Guinea",2015,100
"568",NA,"Republic of Korea",2017,2.71095297780294
"569",NA,"Rwanda",2016,0.152610875420233
"570",NA,"Saint Kitts and Nevis",2005,0
"571",NA,"Saint Kitts and Nevis",2006,19.9968904080405
"572",NA,"Saint Kitts and Nevis",2007,33.3329737932625
"573",NA,"Saint Kitts and Nevis",2008,0.269541669273141
"574",NA,"Saint Kitts and Nevis",2010,66.7104235841205
"575",NA,"Saint Kitts and Nevis",2011,100
"576",NA,"Saint Kitts and Nevis",2013,0
"577",NA,"Saint Kitts and Nevis",2014,100
"578",NA,"Saint Lucia",2007,1.23460869841796
"579",NA,"Saint Lucia",2008,0
"580",NA,"Saint Lucia",2009,75.1516605545464
"581",NA,"Saint Lucia",2010,0.0844119244125712
"582",NA,"Saint Lucia",2011,28.9841432348768
"583",NA,"Saint Lucia",2013,71.4028411528167
"584",NA,"Saint Vincent and the Grenadines",2005,0.0415368327284929
"585",NA,"Saint Vincent and the Grenadines",2006,0
"586",NA,"Saint Vincent and the Grenadines",2007,0
"587",NA,"Saint Vincent and the Grenadines",2008,0.279326440410746
"588",NA,"Saint Vincent and the Grenadines",2010,0
"589",NA,"Saint Vincent and the Grenadines",2011,0
"590",NA,"Saint Vincent and the Grenadines",2012,0
"591",NA,"Saint Vincent and the Grenadines",2013,0.331583132101651
"592",NA,"Saint Vincent and the Grenadines",2014,0
"593",NA,"Samoa",2005,100
"594",NA,"Samoa",2009,7.47827336430479
"595",NA,"Samoa",2014,100
"596",NA,"Senegal",2005,0.290982673613087
"597",NA,"Senegal",2007,5.013726385796
"598",NA,"Senegal",2008,0.0219447990491488
"599",NA,"Senegal",2009,0.032396078353984
"600",NA,"Senegal",2010,3.07196591117289
"601",NA,"Senegal",2012,5.42875284385518
"602",NA,"Senegal",2013,0.869062142345084
"603",NA,"Senegal",2014,3.6539991518788
"604",NA,"Senegal",2015,57.1826161421537
"605",NA,"Serbia",2011,0.0409015043072039
"606",NA,"Serbia",2012,0.194239169624731
"607",NA,"Serbia",2014,0.0136750040585831
"608",NA,"Serbia",2016,0.00375320323447188
"609",NA,"Seychelles",2005,0
"610",NA,"Seychelles",2006,0
"611",NA,"Seychelles",2007,0
"612",NA,"Seychelles",2008,0
"613",NA,"Seychelles",2009,0
"614",NA,"Seychelles",2010,0
"615",NA,"Seychelles",2011,0.671149762178252
"616",NA,"Seychelles",2012,0
"617",NA,"Seychelles",2013,0
"618",NA,"Seychelles",2014,0
"619",NA,"Sierra Leone",2006,2.7705005698729
"620",NA,"Sierra Leone",2009,66.2580962231073
"621",NA,"Sierra Leone",2010,19.8866221543968
"622",NA,"Sierra Leone",2012,88.3676294392034
"623",NA,"Sierra Leone",2013,2.37679425311121
"624",NA,"Sierra Leone",2014,16.5747215539552
"625",NA,"Sierra Leone",2015,17.2558905307455
"626",NA,"Solomon Islands",2007,0.511309063277864
"627",NA,"Solomon Islands",2009,11.1349645857221
"628",NA,"Solomon Islands",2010,0.418414908205403
"629",NA,"Solomon Islands",2011,4.76361841699397
"630",NA,"Solomon Islands",2012,0.518157222464663
"631",NA,"Solomon Islands",2014,100
"632",NA,"Spain",2005,0
"633",NA,"Spain",2006,0.0405784791089915
"634",NA,"Spain",2007,0.0479981861991949
"635",NA,"Spain",2008,0.11227689806032
"636",NA,"Spain",2009,0.0414762465766706
"637",NA,"Spain",2010,0.0231996338219959
"638",NA,"Sri Lanka",2005,0.132830412148237
"639",NA,"Sri Lanka",2006,0.16513889218163
"640",NA,"Sri Lanka",2008,0.0328010860804058
"641",NA,"Sri Lanka",2009,0.112053208132068
"642",NA,"Sri Lanka",2011,0.0815126508953522
"643",NA,"Sri Lanka",2012,0.172501860784285
"644",NA,"Sri Lanka",2014,0.100957006071639
"645",NA,"Sri Lanka",2015,0.242104690614339
"646",NA,"Sri Lanka",2017,0.135342623860827
"647",NA,"State of Palestine",2008,16.5698280742529
"648",NA,"State of Palestine",2012,0
"649",NA,"State of Palestine",2013,0.0974344562079704
"650",NA,"Switzerland",2017,100
"651",NA,"Syrian Arab Republic",2005,1.96357235761893
"652",NA,"Syrian Arab Republic",2006,6.47388811295541
"653",NA,"Syrian Arab Republic",2007,20.9907393796854
"654",NA,"Syrian Arab Republic",2008,16.8758601135523
"655",NA,"Syrian Arab Republic",2009,18.2302694020588
"656",NA,"Timor-Leste",2006,0
"657",NA,"Timor-Leste",2008,0
"658",NA,"Timor-Leste",2009,0.104031201237593
"659",NA,"Timor-Leste",2010,0.0184525091478207
"660",NA,"Timor-Leste",2011,0.0659640022883543
"661",NA,"Timor-Leste",2012,0.0974375440761517
"662",NA,"Timor-Leste",2013,0.0642787411788022
"663",NA,"Timor-Leste",2015,0.537239189719613
"664",NA,"Timor-Leste",2016,0.136116275199744
"665",NA,"Timor-Leste",2017,0.226776940820065
"666",NA,"Togo",2005,2.73518432570833
"667",NA,"Togo",2007,0.11391787676022
"668",NA,"Togo",2008,0.64510595031
"669",NA,"Togo",2009,2.93253010659924
"670",NA,"Togo",2010,2.22465403828028
"671",NA,"Togo",2012,0.0769589017925649
"672",NA,"Togo",2013,15.2466538553204
"673",NA,"Togo",2014,1.02197904006187
"674",NA,"Tonga",2006,0
"675",NA,"Tonga",2009,6.7548803025424
"676",NA,"Tonga",2010,0
"677",NA,"Tonga",2011,0
"678",NA,"Tonga",2014,100
"679",NA,"Trinidad and Tobago",2005,11.1406506238215
"680",NA,"Trinidad and Tobago",2008,100
"681",NA,"Trinidad and Tobago",2009,100
"682",NA,"Trinidad and Tobago",2010,100
"683",NA,"Trinidad and Tobago",2014,0
"684",NA,"Tunisia",2006,1.91437759548709
"685",NA,"Tunisia",2007,0.660296850770686
"686",NA,"Tunisia",2008,3.3182555850972
"687",NA,"Tunisia",2009,0.570779456152078
"688",NA,"Tunisia",2011,2.8847561868502
"689",NA,"Tunisia",2012,3.77028919080391
"690",NA,"Tunisia",2013,10.7992388201713
"691",NA,"Uganda",2006,3.32453288483576
"692",NA,"Uganda",2007,25.2472862284953
"693",NA,"Uganda",2008,0.694571312226792
"694",NA,"Uganda",2010,26.9259087839492
"695",NA,"Uganda",2011,7.36289450932058
"696",NA,"Uganda",2013,5.26230137049996
"697",NA,"Uganda",2014,64.3239386371745
"698",NA,"Uganda",2015,100
"699",NA,"Uganda",2016,0.0304777417637381
"700",NA,"Ukraine",2017,1.92071924805885
"701",NA,"United Republic of Tanzania",2006,100
"702",NA,"United Republic of Tanzania",2008,21.2391703859281
"703",NA,"United Republic of Tanzania",2009,72.027972027972
"704",NA,"United Republic of Tanzania",2010,60.9404341620972
"705",NA,"United Republic of Tanzania",2011,79.6142925913918
"706",NA,"United Republic of Tanzania",2013,28.3154121863799
"707",NA,"United Republic of Tanzania",2014,83.2719973235196
"708",NA,"Vanuatu",2006,100
"709",NA,"Vanuatu",2008,0
"710",NA,"Vanuatu",2009,0
"711",NA,"Vanuatu",2010,0
"712",NA,"Vanuatu",2011,0.952331812452549
"713",NA,"Vanuatu",2014,4.10102839071743
"714",NA,"Vanuatu",2015,100
"715",NA,"Venezuela (Bolivarian Republic of)",2007,0.0282721070595281
"716",NA,"Venezuela (Bolivarian Republic of)",2008,0.127501895783347
"717",NA,"Venezuela (Bolivarian Republic of)",2009,0.314972156740183
"718",NA,"Venezuela (Bolivarian Republic of)",2010,0.100736630797656
"719",NA,"Venezuela (Bolivarian Republic of)",2011,0.0394526881324444
"720",NA,"Venezuela (Bolivarian Republic of)",2012,0.141838163312672
"721",NA,"Venezuela (Bolivarian Republic of)",2013,0.103196356383554
"722",NA,"Venezuela (Bolivarian Republic of)",2014,0.207608764448006
"723",NA,"Venezuela (Bolivarian Republic of)",2015,1.88960618487923
"724",NA,"Viet Nam",2005,0.366348267094469
"725",NA,"Viet Nam",2007,0.122918155894904
"726",NA,"Viet Nam",2009,0.106827215005792
"727",NA,"Yemen",2006,0.00352034595290467
"728",NA,"Yemen",2007,0.0342542683684859
"729",NA,"Yemen",2008,0.00962415371382091
"730",NA,"Yemen",2009,0.0724211613083275
"731",NA,"Yemen",2010,7.28522086732967
